Runemastered Splintered Tower Shield	5	1664
Runemastered Blacksteel Tower Shield	5	1675
Runemastered Barricade Tower Shield	5	1667
Runemastered Heraldric Tower Shield	5	1670
Runemastered Intricate Crest Shield	9	1721
Runeforged Splintered Tower Shield	5	1644
Runemastered Effigial Tower Shield	5	1668
Runemastered Jingling Crest Shield	9	1719
Runeforged Steelpoint Quarterstaff	25	1785
Runeforged Goldworked Tower Shield	5	1659
Runeforged Blacksteel Tower Shield	5	1656
Runemastered Crucible Tower Shield	5	1671
Runemastered Crucible Tower Shield	5	1672
Runemastered Crucible Tower Shield	5	1673
Runemastered Crucible Tower Shield	5	1674
Runeforged Blacksteel Crest Shield	9	1715
Runeforged Barricade Tower Shield	5	1647
Runeforged Heraldric Tower Shield	5	1650
Runeforged Sectarian Crest Shield	9	1702
Runemastered Painted Tower Shield	5	1665
Runemastered Rampart Tower Shield	5	1669
Runeforged Quartered Crest Shield	9	1710
Runeforged Glowering Crest Shield	9	1711
Runeforged Intricate Crest Shield	9	1712
Runemastered Warding Quarterstaff	25	1787
Runeforged Effigial Tower Shield	5	1648
Runeforged Jingling Crest Shield	9	1701
Runemastered Braced Tower Shield	5	1666
Runemastered Emblem Crest Shield	9	1718
Runeforged Crescent Quarterstaff	25	1784
Runemastered Blazon Crest Shield	9	1716
Runeforged Crucible Tower Shield	5	1652
Runeforged Ancestor Tower Shield	5	1653
Runemastered Burnished Gauntlets	36	1400
Runeforged Dekharan Crest Shield	9	1709
Runemastered Gothic Quarterstaff	25	1783
Runeforged Empyreal Crest Shield	9	1707
Runeforged Kalguuran Forgehammer	16	1729
Runemastered Sacrificial Regalia	51	1163
Runeforged Fortress Tower Shield	5	1661
Runeforged Sekheman Crest Shield	9	1713
Runeforged Painted Tower Shield	5	1645
Runeforged Rampart Tower Shield	5	1649
Runeforged Wrapped Quarterstaff	25	1779
Runemastered Ringmail Gauntlets	36	1396
Runemastered Sigil Crest Shield	9	1717
Runeforged Wayward Crest Shield	9	1704
Runeforged Phalanx Tower Shield	5	1654
Runemastered Embroidered Gloves	35	1363
Runeforged Bulwark Tower Shield	5	1657
Runemastered Ironclad Vestments	49	1189
Runemastered Sacrificial Mantle	49	1190
Runeforged Defiant Tower Shield	5	1655
Runeforged Shamanistic Leggings	43	1299
Runeforged Deified Crest Shield	9	1708
Runeforged Blacksteel Gauntlets	36	1395
Runeforged Tawhoan Tower Shield	5	1663
Runeforged Blazon Crest Shield	9	1698
Runeforged Braced Tower Shield	5	1646
Runeforged Emblem Crest Shield	9	1700
Runeforged Changeling Talisman	244	1759
Runeforged Gothic Quarterstaff	25	1782
Runemastered Layered Gauntlets	36	1397
Runemastered Pilgrim Vestments	49	1186
Runemastered Sectioned Bracers	34	1322
Runemastered Soldier Greathelm	52	1512
Runemastered Wrapped Greathelm	52	1513
Runeforged Cultist Greathammer	23	1772
Runemastered Feathered Sandals	41	1255
Runemastered Lizardscale Boots	40	1221
Runeforged Commander Greathelm	52	1500
Runemastered Omen Crest Shield	9	1720
Runeforged Burnished Gauntlets	36	1389
Runemastered Doubled Gauntlets	36	1398
Runemastered Elementalist Robe	47	1091
Runemastered Familial Talisman	244	1763
Runemastered Long Quarterstaff	25	1781
Runemastered Serpentscale Coat	46	1026
Runemastered Studded Greatclub	23	1771
Runemastered Warrior Greathelm	52	1516
Runeforged Sacrificial Regalia	51	1160
Runeforged Steelmail Gauntlets	36	1392
Runeforged Warmonger Greathelm	52	1507
Runemastered Leatherbound Hood	53	1442
Runeforged Commander Gauntlets	36	1393
Runemastered Revered Vestments	49	1194
Runemastered Revered Vestments	49	1195
Runemastered Revered Vestments	49	1196
Runemastered Vaal Tower Shield	5	1676
Runeforged Blacksteel Sabatons	42	1285
Runeforged Ringmail Gauntlets	36	1385
Runeforged Sigil Crest Shield	9	1699
Runeforged Ironclad Vestments	49	1170
Runeforged Sacrificial Mantle	49	1171
Runeforged Stone Tower Shield	5	1651
Runeforged Makeshift Crossbow	228	1789
Runemastered Maraketh Cuirass	45	1121
Runemastered Rusted Greathelm	52	1511
Runemastered Secured Leggings	43	1304
Runemastered Spired Greathelm	52	1514
Runemastered Stacked Sabatons	42	1288
Runeforged Clandestine Jacket	50	1040
Runeforged Embroidered Gloves	35	1349
Runeforged Leatherplate Boots	40	1210
Runeforged Sentinel Greathelm	52	1502
Runeforged Stoic Crest Shield	9	1706
Runeforged Leaden Greathammer	23	1774
Runemastered Cleric Vestments	49	1191
Runemastered Covered Sabatons	42	1289
Runemastered Felled Greatclub	23	1766
Runemastered Fierce Greathelm	52	1517
Runemastered Intricate Gloves	35	1361
Runemastered Pauascale Gloves	35	1362
Runemastered Scalper's Jacket	50	1058
Runeforged Adherent's Raiment	47	1077
Runeforged Dunerunner Sandals	41	1246
Runeforged Noble Tower Shield	5	1658
Runeforged Serpentscale Boots	40	1213
Runeforged Trailblazer Armour	48	1141
Runeforged Bladeguard Buckler	6	1630
Runeforged Heartcarver Mantle	49	1181
Runeforged Guardian Greathelm	52	1504
Runeforged Royal Tower Shield	5	1660
Runemastered Ancient Leggings	43	1305
Runemastered Gilded Vestments	49	1193
Runemastered Grand Manchettes	231	1402
Runemastered Spiritbone Crown	56	1563
Runemastered Spiritbone Crown	56	1564
Runemastered Spiritbone Crown	56	1565
Runeforged Luxurious Slippers	41	1248
Runemastered Glacial Fortress	5	1677
Runemastered Enlightened Robe	47	1094
Runeforged Imperial Greathelm	52	1510
Runeforged Pilgrim Vestments	49	1166
Runeforged Soldier Greathelm	52	1495
Runeforged Layered Gauntlets	36	1386
Runeforged Wrapped Greathelm	52	1496
Runeforged Sectioned Bracers	34	1309
Runeforged Doubled Gauntlets	36	1387
Runeforged Feathered Sandals	41	1241
Runeforged Lizardscale Boots	40	1208
Runeforged Omen Crest Shield	9	1703
Runeforged Serpentscale Coat	46	1004
Runeforged Warrior Greathelm	52	1499
Runeforged Familial Talisman	244	1762
Runeforged Long Quarterstaff	25	1780
Runeforged Studded Greatclub	23	1770
Runemastered Bolstered Mitts	33	1381
Runemastered Braced Sabatons	42	1287
Runemastered Jewelled Gloves	35	1360
Runemastered Lattice Sandals	41	1253
Runemastered Leather Buckler	6	1635
Runemastered Pathfinder Coat	46	1021
Runemastered Stitched Gloves	35	1359
Runemastered Vagabond Armour	48	1151
Runemastered Wrapped Sandals	41	1252
Runemastered Trimmed Greaves	39	1273
Runemastered Wayfarer Jacket	50	1056
Runeforged Elementalist Robe	47	1069
Runeforged Reefsteel Greaves	39	1261
Runeforged Chieftain Cuirass	45	1104
Runeforged Leatherbound Hood	53	1426
Runeforged Seer Crest Shield	9	1705
Runeforged Elegant Greathelm	52	1505
Runeforged Spikeward Buckler	6	1628
Runemastered Elite Greathelm	52	1515
Runemastered Explorer Armour	48	1153
Runemastered Feathered Tiara	54	1488
Runemastered Nettle Talisman	244	1761
Runemastered Oak Greathammer	23	1768
Runemastered Ornate Ringmail	49	1198
Runemastered Plate Gauntlets	36	1399
Runemastered Vermeil Circlet	54	1490
Runeforged Goliath Greathelm	52	1503
Runeforged Gladiatorial Helm	55	1529
Runeforged Elaborate Sandals	41	1244
Runeforged Embroidered Boots	40	1211
Runeforged Faithful Leggings	43	1300
Runeforged Revered Vestments	49	1176
Runeforged Swiftstalker Coat	46	1015
Runemastered Tenebrous Crown	56	1566
Runemastered Tideseer Mantle	49	1192
Runemastered Veridical Chain	2	1568
Runemastered Aberrant Sledge	23	1778
Runeforged Cultist Gauntlets	36	1394
Runeforged Dragonscale Boots	40	1216
Runeforged Falconer's Jacket	50	1051
Runeforged Fortress Sabatons	42	1284
Runeforged Paragon Greathelm	52	1509
Runeforged Sandsworn Sandals	41	1249
Runeforged Vaal Crest Shield	9	1714
Runeforged Vaal Tower Shield	5	1662
Runeforged Feathered Raiment	47	1082
Runeforged Gladiatorial Helm	55	1533
Runeforged Sirenscale Gloves	35	1356
Runemastered Primal Markings	50	1060
Runeforged Rusted Greathelm	52	1494
Runeforged Secured Leggings	43	1294
Runeforged Maraketh Cuirass	45	1099
Runeforged Spired Greathelm	52	1497
Runeforged Intricate Gloves	35	1347
Runeforged Stacked Sabatons	42	1277
Runeforged Felled Greatclub	23	1765
Runemastered Beaded Circlet	54	1486
Runemastered Bronze Greaves	39	1272
Runemastered Embossed Boots	40	1219
Runemastered Engraved Focus	229	1610
Runemastered Feathered Robe	47	1084
Runemastered Mail Vestments	49	1187
Runemastered Plated Buckler	6	1637
Runemastered Rusted Cuirass	45	1118
Runemastered Spined Bracers	34	1323
Runemastered Tempered Mitts	33	1380
Runemastered Threaded Shoes	44	1234
Runemastered Wooden Buckler	6	1636
Runeforged Scalper's Jacket	50	1037
Runemastered Ridged Buckler	6	1639
Runemastered Spiked Buckler	6	1640
Runemastered Steeltoe Boots	40	1220
Runeforged Cleric Vestments	49	1172
Runeforged Covered Sabatons	42	1278
Runeforged Juggernaut Plate	45	1103
Runeforged Laminate Buckler	6	1623
Runeforged Pauascale Gloves	35	1348
Runeforged Scoundrel Jacket	50	1038
Runeforged Spiritbone Crown	56	1549
Runeforged Steelpoint Shoes	44	1226
Runeforged Stratified Targe	8	1685
Runeforged Fierce Greathelm	52	1501
Runeforged Flexile Sabatons	42	1279
Runeforged Gilded Vestments	49	1174
Runeforged Hardened Bracers	34	1312
Runeforged Monument Greaves	39	1262
Runeforged Elegant Slippers	41	1245
Runeforged Itinerant Jacket	50	1045
Runeforged Occultist Mantle	49	1179
Runeforged Venerated Mantle	49	1175
Runeforged Bombard Crossbow	228	1795
Runemastered Anchorite Garb	50	1057
Runemastered Goldcast Cuffs	37	1417
Runemastered Ironhead Spear	216	1733
Runemastered Ornate Buckler	6	1641
Runemastered Tense Crossbow	228	1791
Runemastered Verisium Cuffs	37	1418
Runemastered Votive Raiment	47	1089
Runeforged Hardleather Coat	46	1008
Runeforged Champion Cuirass	45	1106
Runeforged Gladiator Armour	48	1134
Runeforged Bastion Sabatons	42	1281
Runeforged Deerstalker Hood	53	1431
Runeforged Inquisitor Crown	56	1553
Runeforged Jingling Buckler	6	1629
Runeforged Plated Vestments	49	1180
Runeforged Treerunner Shoes	44	1229
Runeforged Zealot Gauntlets	36	1391
Runeforged Lizardscale Coat	46	1014
Runeforged Engraved Bracers	34	1313
Runeforged Grand Manchettes	231	1401
Runeforged Ornate Gauntlets	36	1390
Runeforged Stalking Bracers	34	1316
Runeforged Veteran Sabatons	42	1282
Runeforged Vicious Talisman	244	1764
Runemastered Ancestral Mail	48	1156
Runemastered Decorated Helm	55	1539
Runemastered Plated Raiment	47	1092
Runemastered Twilight Tiara	54	1492
Runeforged Enlightened Robe	47	1074
Runeforged Apostle Leggings	43	1301
Runeforged Gutspike Buckler	6	1632
Runeforged Masked Greathelm	52	1508
Runemastered Exquisite Vest	46	1029
Runeforged Zenith Vestments	49	1178
Runeforged Sacramental Robe	47	1081
Runeforged Warlock Leggings	43	1302
Runeforged Cryptic Leggings	43	1303
Runeforged Daggerfoot Shoes	44	1233
Runeforged Polished Bracers	34	1319
Runeforged Tasalian Greaves	39	1269
Runeforged Leather Buckler	6	1615
Runeforged Padded Leggings	43	1293
Runeforged Pathfinder Coat	46	999
Runeforged Wrapped Sandals	41	1238
Runeforged Braced Sabatons	42	1276
Runeforged Lattice Sandals	41	1239
Runeforged Stitched Gloves	35	1345
Runeforged Vagabond Armour	48	1127
Runeforged Jewelled Gloves	35	1346
Runeforged Bolstered Mitts	33	1367
Runeforged Trimmed Greaves	39	1259
Runeforged Wayfarer Jacket	50	1035
Runeforged Elite Greathelm	52	1498
Runeforged Explorer Armour	48	1129
Runeforged Feathered Tiara	54	1471
Runeforged Feathered Targe	8	1684
Runeforged Nettle Talisman	244	1760
Runeforged Oak Greathammer	23	1767
Runeforged Sturdy Crossbow	228	1792
Runemastered Cultist Crown	56	1560
Runemastered Mail Sabatons	42	1286
Runemastered Marabout Garb	50	1055
Runemastered Rhoahide Coat	46	1023
Runemastered Riveted Mitts	33	1379
Runemastered Rough Greaves	39	1270
Runemastered Shaman Mantle	49	1188
Runemastered Shrouded Vest	46	1022
Runemastered Silk Slippers	41	1254
Runemastered Straw Sandals	41	1251
Runemastered Suede Bracers	34	1320
Runemastered Tattered Robe	47	1083
Runemastered Sombre Gloves	35	1358
Runemastered Crystal Focus	229	1612
Runemastered Hunting Shoes	44	1235
Runeforged Kalguuran Cuffs	37	1407
Runeforged Plate Gauntlets	36	1388
Runeforged Vermeil Circlet	54	1473
Runeforged Weaver Leggings	43	1296
Runeforged Tideseer Mantle	49	1173
Runeforged Colosseum Plate	45	1105
Runeforged Righteous Cuffs	37	1408
Runeforged Studded Sandals	41	1243
Runeforged Elegant Greaves	39	1264
Runeforged Refined Bracers	34	1314
Runeforged Sandsworn Tiara	54	1478
Runemastered Furtive Wraps	38	1341
Runemastered Knight Armour	48	1155
Runemastered Moulded Mitts	33	1382
Runemastered Shielded Helm	55	1538
Runemastered Stone Greaves	39	1274
Runeforged Feathered Mitts	33	1373
Runeforged Noble Greathelm	52	1506
Runemastered Array Buckler	6	1642
Runeforged Ceremonial Robe	47	1078
Runeforged Hawker's Jacket	50	1047
Runefather's Grasping Mail	246	1203
Runeforged Bulwark Greaves	39	1266
Runeforged Soldier Cuirass	45	1113
Runeforged Totemic Greaves	39	1263
Runeforged Wolfskin Mantle	49	1182
Runemastered Ancient Visor	55	1540
Runemastered Cinched Boots	40	1222
Runemastered Dyad Crossbow	228	1794
Runemastered Grand Cuisses	232	1291
Runemastered Grand Regalia	51	1162
Runemastered Grasping Mail	246	1202
Runemastered Heroic Armour	48	1157
Runemastered Smuggler Coat	46	1027
Runemastered Utility Wraps	38	1342
Runeforged Conqueror Plate	45	1108
Runeforged Tournament Mail	48	1136
Runeforged Tournament Mail	48	1137
Runeforged Tournament Mail	48	1138
Runeforged Conjurer Mantle	49	1183
Runeforged Flowing Raiment	47	1080
Runeforged Primal Markings	50	1048
Runeforged Slipstrike Vest	46	1016
Runeforged Sorcerous Tiara	54	1481
Runemastered Corvus Mantle	49	1197
Runemastered Havoc Raiment	47	1093
Runeforged Abyssal Cuirass	45	1109
Runemastered Assassin Garb	50	1059
Runeforged Ancient Buckler	6	1633
Runeforged Quickslip Shoes	44	1232
Runeforged Ancestral Tiara	54	1483
Runeforged Drakeskin Boots	40	1217
Runeforged Seastorm Mantle	49	1185
Runeforged Sekhema Sandals	41	1250
Runeforged Warlord Cuirass	45	1116
Runemastered Armoured Vest	46	1030
Runeforged Fists of Stone	38	1326
Runeforged Hardwood Targe	8	1679
Runeforged Rusted Cuirass	45	1095
Runeforged Feathered Robe	47	1062
Runeforged Wooden Buckler	6	1616
Runeforged Plated Buckler	6	1617
Runeforged Beaded Circlet	54	1469
Runeforged Bronze Greaves	39	1258
Runeforged Embossed Boots	40	1206
Runeforged Engraved Focus	229	1590
Runeforged Mail Vestments	49	1168
Runeforged Tempered Mitts	33	1366
Runeforged Threaded Shoes	44	1224
Runeforged Ridged Buckler	6	1619
Runeforged Crescent Targe	8	1682
Runeforged Spiked Buckler	6	1620
Runeforged Steeltoe Boots	40	1207
Runeforged Anchorite Garb	50	1036
Runeforged Chiseled Targe	8	1683
Runeforged Goldcast Cuffs	37	1406
Runeforged Ringed Buckler	6	1621
Runeforged Spined Bracers	34	1310
Runeforged Votive Raiment	47	1067
Runeforged Ironhead Spear	216	1732
Runeforged Tense Crossbow	228	1790
Runemastered Antler Focus	229	1609
Runemastered Bone Raiment	47	1086
Runemastered Brimmed Helm	55	1534
Runemastered Firm Bracers	34	1321
Runemastered Guarded Helm	55	1535
Runemastered Hexer's Robe	47	1085
Runemastered Horned Crown	56	1559
Runemastered Iron Buckler	6	1638
Runemastered Iron Cuirass	45	1119
Runemastered Iron Greaves	39	1271
Runemastered Keth Raiment	47	1088
Runemastered Leather Vest	46	1019
Runemastered Quilted Vest	46	1020
Runemastered Raider Plate	45	1120
Runemastered Rogue Armour	48	1150
Runemastered Stocky Mitts	33	1378
Runemastered Twig Circlet	54	1484
Runemastered Visored Helm	55	1536
Runemastered Waxed Jacket	50	1054
Runemastered Wicker Tiara	54	1485
Runeforged Hardwood Spear	216	1731
Runemastered Cloaked Mail	48	1152
Runemastered Martyr Crown	56	1561
Runemastered Studded Vest	46	1024
Runeforged Detailed Mitts	33	1369
Runemastered Fine Bracers	34	1324
Runeforged Mystic Raiment	47	1070
Runeforged Ancestral Mail	48	1132
Runeforged Decorated Helm	55	1526
Runeforged Ornate Buckler	6	1625
Runeforged Baroque Gloves	35	1351
Runeforged Hallowed Crown	56	1552
Runeforged Polished Targe	8	1691
Runeforged Crumbling Maul	23	1775
Runeforged Dualstring Bow	20	1755
Runemastered Gold Circlet	54	1489
Runemastered Scout's Vest	46	1025
Runemastered Spiral Wraps	38	1340
Runemastered Vaal Cuirass	45	1124
Runemastered Voodoo Focus	229	1613
Runeforged Plated Raiment	47	1072
Runeforged Twilight Tiara	54	1476
Runeforged Carved Greaves	39	1265
Runeforged Spiked Bracers	34	1315
Runeforged Hallowed Focus	229	1602
Runeforged Adorned Gloves	35	1350
Runeforged Dastard Armour	48	1143
Runeforged Exquisite Vest	46	1009
Runeforged Glorious Plate	45	1107
Runeforged Knightly Mitts	33	1374
Runeforged Ornate Buckler	6	1631
Runeforged Pious Leggings	43	1298
Runeforged Skycrown Tiara	54	1480
Runeforged Torment Jacket	50	1042
Runeforged Wanderer Shoes	44	1230
Runemastered Armoured Cap	53	1445
Runemastered Grand Visage	230	1542
Runemastered Torment Club	16	1722
Runemastered Velour Shoes	44	1236
Runeforged Noble Sabatons	42	1283
Runeforged Opulent Gloves	35	1354
Runeforged Ornate Greaves	39	1267
Runeforged Rambler Jacket	50	1050
Runemastered Ancient Mail	49	1199
Runemastered Strider Vest	46	1028
Runeforged Arcane Raiment	47	1075
Runeforged Barbed Bracers	34	1318
Runeforged Gleaming Cuffs	37	1413
Runeforged Utzaal Cuirass	45	1115
Runeforged Wyrmscale Coat	46	1017
Runemastered Plumed Focus	229	1614
Skullcrusher Quarterstaff	25	969
Runeforged Adherent Cuffs	37	1414
Runeforged Desert Buckler	6	1634
Runeforged Freebooter Cap	53	1435
Runeforged Tasalian Focus	229	1606
Runeforged Rawhide Boots	40	1204
Runeforged Rough Greaves	39	1256
Runeforged Straw Sandals	41	1237
Runeforged Suede Bracers	34	1306
Runeforged Tattered Robe	47	1061
Runeforged Mail Sabatons	42	1275
Runeforged Riveted Mitts	33	1365
Runeforged Sombre Gloves	35	1344
Runeforged Bound Bracers	34	1308
Runeforged Cultist Crown	56	1546
Runeforged Marabout Garb	50	1034
Runeforged Shrouded Vest	46	1000
Runeforged Studded Targe	8	1681
Runeforged Rhoahide Coat	46	1001
Runeforged Crystal Focus	229	1592
Runeforged Silk Slippers	41	1240
Runeforged Shaman Mantle	49	1169
Runeforged Hunting Shoes	44	1225
Runeforged Moulded Mitts	33	1368
Runeforged Pelt Leggings	43	1295
Runeforged Shielded Helm	55	1524
Runeforged Stone Greaves	39	1260
Runeforged Hunting Spear	216	1734
Runemastered Gauze Wraps	38	1338
Runemastered Hermit Garb	50	1053
Runemastered Hooded Mask	57	1462
Runemastered Laced Boots	40	1218
Runemastered Linen Wraps	38	1339
Runemastered Shabby Hood	53	1437
Runemastered Tonal Focus	229	1611
Runemastered Torn Gloves	35	1357
Runemastered Woven Focus	229	1608
Runeforged Edged Buckler	6	1622
Runeforged Dyad Crossbow	228	1793
Runemastered Chain Tiara	54	1487
Runemastered Cowled Helm	55	1537
Runemastered Hunter Hood	53	1439
Runemastered Steel Plate	45	1122
Runemastered Veiled Mask	57	1463
Runeforged Buckled Wraps	38	1330
Runeforged Knight Armour	48	1131
Metalworked Tower Shield	5	62
Runeforged Pearl Buckler	6	1624
Runeforged Smuggler Coat	46	1006
Runeforged Elegant Focus	229	1597
Runeforged Furtive Wraps	38	1331
Runeforged Gilt Leggings	43	1297
Runeforged Imperial Robe	47	1071
Runeforged Lamellar Mail	48	1133
Runeforged Noble Circlet	54	1475
Runemastered Tribal Mask	57	1464
Runeforged Ancient Mitts	33	1372
Runeforged Arrayed Focus	229	1600
Runeforged Cabalist Helm	55	1528
Runeforged Elegant Plate	45	1110
Runeforged River Raiment	47	1076
Runeforged Studded Boots	40	1212
Runeforged Array Buckler	6	1626
Runeforged Composite Bow	20	1754
Runemastered Corsair Cap	53	1441
Runemastered Heavy Crown	56	1562
Runemastered Wooden Club	16	1725
Runeforged Monastic Garb	50	1041
Runemastered Covert Hood	53	1444
Runeforged Attuned Focus	229	1598
Runeforged Aureate Targe	8	1688
Runeforged Adorned Wraps	38	1333
Runeforged Cultist Focus	229	1601
Runeforged Stone Cuirass	45	1112
Runeforged Aegis Buckler	6	1627
Runeforged Bold Sabatons	42	1280
Runeforged Bound Sandals	41	1247
Runeforged Cinched Boots	40	1214
Runeforged Druidic Crown	56	1554
Runeforged Druidic Focus	229	1603
Runeforged Grand Cuisses	232	1290
Runeforged Grand Regalia	51	1159
Runeforged Grasping Mail	246	1201
Runeforged Havoc Raiment	47	1073
Runeforged Heroic Armour	48	1135
Runeforged Mammoth Targe	8	1694
Runeforged Marching Mace	16	1723
Runeforged Utility Wraps	38	1332
Runemastered Magus Tiara	54	1493
Runemastered Titan Mitts	33	1383
Runeforged Corvus Mantle	49	1177
Runeforged Ancient Cuffs	37	1412
Runeforged Baroque Targe	8	1695
Runeforged Cavalry Boots	40	1215
Runeforged Charmed Shoes	44	1231
Runeforged Elegant Wraps	38	1335
Runeforged Grand Bracers	34	1317
Runeforged Leyline Focus	229	1604
Runeforged Saintly Crown	56	1555
Runeforged Shrouded Mail	48	1144
Runeforged Shrouded Mail	48	1145
Runeforged Shrouded Mail	48	1146
Runeforged Armoured Vest	46	1011
Runeforged Assassin Garb	50	1044
Runeforged Slayer Armour	48	1139
Runeforged Champion Helm	55	1532
Runeforged Kamasan Tiara	54	1482
Runeforged Soaring Targe	8	1696
Runeforged Cryptic Crown	56	1557
Runeforged Grinning Mask	57	1459
Runeforged Massive Mitts	33	1377
Runeforged Secured Wraps	38	1337
Runeforged Leather Vest	46	997
Runeforged Stocky Mitts	33	1364
Runeforged Twig Circlet	54	1467
Splintered Tower Shield	5	48
Runeforged Quilted Vest	46	998
Runeforged Brimmed Helm	55	1520
Runeforged Frayed Shoes	44	1223
Runeforged Pelage Targe	8	1680
Runeforged Antler Focus	229	1589
Runeforged Horned Crown	56	1545
Runeforged Wicker Tiara	54	1468
Runeforged Firm Bracers	34	1307
Runeforged Guarded Helm	55	1521
Runeforged Hexer's Robe	47	1063
Runeforged Iron Cuirass	45	1097
Runeforged Iron Greaves	39	1257
Runeforged Rogue Armour	48	1126
Runeforged Waxed Jacket	50	1033
Runeforged Bone Raiment	47	1064
Runeforged Iron Buckler	6	1618
Runeforged Raider Plate	45	1098
Runeforged Visored Helm	55	1522
Runeforged Cloaked Mail	48	1128
Runeforged Studded Vest	46	1002
Runeforged Keth Raiment	47	1066
Runeforged Martyr Crown	56	1547
Steelpoint Quarterstaff	25	317
Runeforged Scout's Vest	46	1003
Runeforged Spiral Wraps	38	1329
Runeforged Voodoo Focus	229	1593
Runeforged Plumed Focus	229	1594
Runeforged Vaal Cuirass	45	1102
Runemastered Aged Cuffs	37	1416
Runemastered Chain Mail	48	1149
Runemastered Iron Crown	56	1558
Runemastered Rope Cuffs	37	1415
Runemastered Twig Focus	229	1607
Runeforged Gold Circlet	54	1472
Runeforged Winged Spear	216	1735
Runeforged Corsair Vest	46	1005
Runeforged Fine Bracers	34	1311
Runeforged Flared Boots	40	1209
Runeforged Flax Sandals	41	1242
Runemastered Full Plate	45	1123
Transcendent Life Flask	60	863
Transcendent Mana Flask	61	872
Runeforged Ascetic Garb	50	1039
Runeforged Carved Targe	8	1686
Runeforged Lavish Crown	56	1550
Runeforged Mosaic Targe	8	1687
Runeforged Strider Vest	46	1007
Runeforged Velour Shoes	44	1227
Runeforged Layered Vest	46	1012
Runeforged Mantled Mail	48	1140
Runeforged Barbed Spear	216	1738
Runeforged Forked Spear	216	1737
Runemastered Altar Robe	47	1090
Runemastered Scale Mail	48	1154
Runemastered Solid Mask	57	1465
Runeforged Hatungo Garb	50	1046
Runeforged Jungle Tiara	54	1479
Runeforged Ornate Cuffs	37	1410
Goldworked Tower Shield	5	66
Blacksteel Tower Shield	5	60
Runeforged Archon Crown	56	1551
Runeforged Armoured Cap	53	1429
Runeforged Bladed Shoes	44	1228
Runeforged Brigand Mask	57	1456
Runeforged Gallant Helm	55	1527
Runeforged Grand Visage	230	1541
Runeforged Morning Star	16	1730
Runeforged Pointed Maul	23	1776
Runeforged Signet Cuffs	37	1409
Runeforged Sleek Jacket	50	1049
Runemastered Death Mask	57	1466
Runemastered Heavy Belt	3	1574
Runemastered Jade Tiara	54	1491
Runemastered Runic Fork	18	1741
Runemastered Velvet Cap	53	1443
Runeforged Cryptic Helm	55	1531
Runeforged Faridun Mask	57	1457
Runeforged Ornate Mitts	33	1375
Runeforged Ornate Plate	45	1114
Runeforged Death Mantle	49	1184
Runeforged Divine Crown	56	1556
Runeforged Sacred Focus	229	1605
Runeforged Soaring Mask	57	1458
Runeforged Trapper Hood	53	1434
Runeforged Vaal Greaves	39	1268
Blacksteel Crest Shield	9	952
Runeforged Austere Garb	50	1052
Runeforged Corsair Coat	46	1018
Runeforged Golden Targe	8	1697
Runeforged Hermit Garb	50	1032
Runeforged Shabby Hood	53	1419
Runeforged Torn Gloves	35	1343
Runeforged Gauze Wraps	38	1327
Runeforged Woven Focus	229	1588
Runeforged Pelt Mantle	49	1167
Runeforged Laced Boots	40	1205
Barricade Tower Shield	5	51
Crackling Quarterstaff	25	315
Runeforged Hooded Mask	57	1448
Runeforged Linen Wraps	38	1328
Runeforged Tonal Focus	229	1591
Runeforged Chain Tiara	54	1470
Runeforged Cowled Helm	55	1523
Runeforged Swathed Cap	53	1422
Runeforged Steel Plate	45	1100
Runeforged Veiled Mask	57	1449
Heraldric Tower Shield	5	54
Runeforged Heavy Crown	56	1548
Runeforged Hunter Hood	53	1423
Runeforged Tribal Mask	57	1450
Sectarian Crest Shield	9	116
Runeforged Wooden Club	16	1724
Runemastered Face Mask	57	1461
Runemastered Hewn Mask	57	1460
Runemastered Silk Robe	47	1087
Runeforged Recurve Bow	20	1753
Runeforged Spiked Club	16	1727
Runeforged Closed Helm	55	1525
Runeforged Corsair Cap	53	1425
Runeforged Runed Focus	229	1595
Barbarous Quarterstaff	25	326
Runeforged Whorl Focus	229	1596
Runeforged Shaded Mask	57	1452
Runeforged Titan Mitts	33	1370
Runeforged Pariah Mask	57	1454
Runeforged Wrapped Cap	53	1430
Runeforged Temple Maul	23	1773
Runemastered Viper Cap	53	1440
Runeforged Covert Hood	53	1428
Quartered Crest Shield	9	127
Runeforged Gold Gloves	35	1352
Runeforged Heavy Plate	45	1111
Runeforged Runner Vest	46	1013
Runeforged Stone Targe	8	1692
Glowering Crest Shield	9	128
Runeforged Avian Targe	8	1693
Runeforged Golden Mail	48	1142
Intricate Crest Shield	9	129
Runeforged Bound Cuffs	37	1411
Runeforged Grand Mitts	33	1371
Runeforged Grand Targe	8	1689
Runeforged Grim Gloves	35	1353
Runeforged Magus Focus	229	1599
Runeforged Magus Tiara	54	1477
Runeforged Warded Helm	55	1530
Runeforged Devout Garb	50	1043
Runeforged Vaal Gloves	35	1355
Runeforged Chain Mail	48	1125
Runeforged Twig Focus	229	1587
Runeforged Iron Crown	56	1544
Runeforged Rope Cuffs	37	1404
Runeforged Aged Cuffs	37	1405
Crescent Quarterstaff	25	316
Effigial Tower Shield	5	52
Jingling Crest Shield	9	115
Runeforged Full Plate	45	1101
Runeforged Scale Mail	48	1130
Runemastered Felt Cap	53	1438
Gargantuan Life Flask	60	862
Gargantuan Mana Flask	61	871
Runeforged Altar Robe	47	1068
Runeforged Forge Maul	23	1769
Crucible Tower Shield	5	56
Reaching Quarterstaff	25	325
Runeforged Solid Mask	57	1451
Snakewood Greathammer	23	287
Kalguuran Forgehammer	16	953
Engraved Crest Shield	9	124
Ancestor Tower Shield	5	57
Runeforged Jade Tiara	54	1474
Runeforged Velvet Cap	53	1427
Dekharan Crest Shield	9	126
Runeforged Zealot Bow	20	1756
Graceful Quarterstaff	25	323
Empyreal Crest Shield	9	121
Runeforged Avian Mask	57	1455
Guardian Quarterstaff	25	330
Runeforged Death Mask	57	1453
Sinister Quarterstaff	25	331
Fortress Tower Shield	5	68
Runeforged Desert Cap	53	1433
Sekheman Crest Shield	9	130
Runeforged Death Mail	48	1147
Runeforged Vaal Mitts	33	1376
Runeforged Vaal Wraps	38	1336
Striking Quarterstaff	25	333
Dreaming Quarterstaff	25	962
Runeforged Thane Mail	48	1148
Wrapped Quarterstaff	25	312
Runeforged Fur Plate	45	1096
Runeforged Hewn Mask	57	1446
Painted Tower Shield	5	49
Executioner Greataxe	24	301
Runeforged Face Mask	57	1447
Runeforged Lace Hood	53	1421
Runeforged Silk Robe	47	1065
Rampart Tower Shield	5	53
Slicing Quarterstaff	25	318
Barrier Quarterstaff	25	319
Runeforged Fur Plate	45	1117
Runeforged Lace Hood	53	1436
Runeforged Slim Mace	16	1726
Runeforged Viper Cap	53	1424
Runemastered Garment	51	1161
Runeforged War Spear	216	1736
Painted Crest Shield	9	123
Wayward Crest Shield	9	118
Cultist Tower Shield	5	63
Phalanx Tower Shield	5	58
Bulwark Tower Shield	5	64
Runeforged Crude Bow	20	1750
Defiant Tower Shield	5	59
Shamanistic Leggings	43	483
Deified Crest Shield	9	122
Runeforged Vile Robe	47	1079
Runeforged War Wraps	38	1334
Runeforged Woven Cap	53	1432
Warding Quarterstaff	25	1786
Runeforged Mail Coat	46	1010
Ironwood Greathammer	23	295
Bolting Quarterstaff	25	334
Blacksteel Gauntlets	36	933
Tawhoan Tower Shield	5	950
Blazon Crest Shield	9	112
Changeling Talisman	244	972
Cinderbark Talisman	244	974
Runeforged Felt Cap	53	1420
Gothic Quarterstaff	25	314
Braced Tower Shield	5	50
Emblem Crest Shield	9	114
Cultist Greathammer	23	278
Colossal Life Flask	60	861
Colossal Mana Flask	61	870
Obsidian Greatsword	22	268
Runeforged Shortbow	20	1751
Bloodletting Dagger	12	152
Refined Breach Ring	1	1585
Commander Greathelm	52	650
Soldiering Sabatons	42	469
Cursespeaker's Robe	47	563
Mercenary Greathelm	52	656
Smooth Quarterstaff	25	321
Arcing Quarterstaff	25	327
Descry Crest Shield	9	125
Homeguard Greathelm	52	657
Silverbuckled Shoes	44	494
Burnished Gauntlets	36	386
Precise Greathammer	23	285
Waxing Quarterstaff	25	328
Runeforged Shortbow	20	1752
Bladed Quarterstaff	25	329
Ultimate Life Flask	60	864
Ultimate Mana Flask	61	873
Disintegrating Maul	23	292
Sacrificial Regalia	51	964
Steelmail Gauntlets	36	391
Warmonger Greathelm	52	660
Commander Gauntlets	36	392
Massive Greathammer	23	298
Fanatic Greathammer	23	296
Blacksteel Sabatons	42	926
Corroded Longsword	22	261
Makeshift Crossbow	228	790
Runeforged Garment	51	1158
Splitting Greataxe	24	299
Ringmail Gauntlets	36	382
Sigil Crest Shield	9	113
Pearlescent Amulet	2	943
Greater Life Flask	60	858
Greater Mana Flask	61	867
Varnished Crossbow	228	793
Charred Shortsword	13	163
Rippled Greatsword	22	265
Ironclad Vestments	49	601
Leaden Greathammer	23	280
Sacrificial Mantle	49	602
Stone Tower Shield	5	55
Construct Crossbow	228	797
Runeforged Warpick	16	1728
Blackfire Crossbow	228	798
Corroded Greathelm	52	655
Devotional Sceptre	17	220
Hefty Quarterstaff	25	320
Ironmail Gauntlets	36	388
Snakewood Shortbow	20	244
Ancient Greatblade	22	270
Embellished Gloves	35	930
Zealot Greathammer	23	289
Anima Quarterstaff	25	322
Ceremonial Halberd	24	309
Clandestine Jacket	50	627
Embroidered Gloves	35	373
Flanged Greatblade	22	271
Leatherplate Boots	40	439
Lumbering Talisman	244	981
Sentinel Greathelm	52	652
Stoic Crest Shield	9	120
Penetrating Quiver	4	45
Adherent's Raiment	47	566
Cannonade Crossbow	228	807
Dunerunner Sandals	41	459
Noble Tower Shield	5	65
Serpentscale Boots	40	444
Trailblazer Armour	48	590
Bladeguard Buckler	6	88
Heartcarver Mantle	49	615
Venerable Defender	8	1678
Condemned Talisman	244	984
Guardian Greathelm	52	654
Royal Tower Shield	5	67
Heartwood Shortbow	20	1757
Luxurious Slippers	41	461
Lunar Quarterstaff	25	332
Waystone (Tier 10)	234	849
Waystone (Tier 11)	235	850
Waystone (Tier 12)	235	851
Razor Quarterstaff	25	336
Waystone (Tier 13)	235	852
Waystone (Tier 14)	235	853
Aegis Quarterstaff	25	335
Waystone (Tier 15)	235	854
Imperial Greathelm	52	940
Waystone (Tier 16)	245	1788
Lesser Life Flask	60	856
Lesser Mana Flask	61	865
Pilgrim Vestments	49	597
Long Quarterstaff	25	313
Medium Life Flask	60	857
Medium Mana Flask	61	866
Soldier Greathelm	52	645
Familial Talisman	244	975
Layered Gauntlets	36	383
Studded Greatclub	23	277
Wrapped Greathelm	52	646
Bloodstone Amulet	2	21
Frenzied Talisman	244	976
Sectioned Bracers	34	355
Devouring Sceptre	17	218
Doubled Gauntlets	36	384
Feathered Sandals	41	452
Lizardscale Boots	40	437
Omen Crest Shield	9	117
Serpentscale Coat	46	530
Warrior Greathelm	52	649
Adherent Leggings	43	481
Aged Tower Shield	5	61
Elementalist Robe	47	555
Reefsteel Greaves	39	423
Templar Vestments	49	610
Voltfang Talisman	244	980
Chieftain Cuirass	45	508
Leatherbound Hood	53	670
Piercing Crossbow	228	799
Seer Crest Shield	9	119
Totemic Greatclub	23	283
Captain Gauntlets	36	389
Goldwork Sabatons	42	470
Lionheart Greaves	39	427
Sandsworn Cuirass	45	516
Cumbrous Crossbow	228	800
Elegant Greathelm	52	658
Regalia Longsword	22	272
Spikeward Buckler	6	86
Dedalian Crossbow	228	801
Goliath Greathelm	52	653
Monument Greataxe	24	310
Waystone (Tier 1)	233	840
Heavy Greathammer	23	291
Structured Hammer	16	203
Elaborate Sandals	41	455
Embroidered Boots	40	440
Esoteric Crossbow	228	802
Expedition Tablet	240	1745
Faithful Leggings	43	484
Irradiated Tablet	247	1746
Revered Vestments	49	607
Swiftstalker Coat	46	544
Wingbeat Talisman	244	983
Wyrm Quarterstaff	25	324
Waystone (Tier 2)	233	841
Ironwood Shortbow	20	250
Waystone (Tier 3)	233	842
Waystone (Tier 4)	233	843
Waystone (Tier 5)	233	844
Ancient Gauntlets	36	1384
Waystone (Tier 6)	234	845
Wildwood Talisman	244	994
Waystone (Tier 7)	234	846
Engraved Crossbow	228	810
Waystone (Tier 8)	234	847
Waystone (Tier 9)	234	848
Cultist Gauntlets	36	393
Dragonscale Boots	40	447
Falconer's Jacket	50	640
Fortress Sabatons	42	474
Paragon Greathelm	52	662
Sandsworn Sandals	41	462
Vaal Crest Shield	9	131
Vaal Tower Shield	5	69
Desolate Crossbow	228	814
Tawhoan Greatclub	23	961
Feathered Raiment	47	918
Gladiatorial Helm	55	941
Sirenscale Gloves	35	931
Broadhead Quiver	4	37
Distorted Amulet	2	944
Felled Greatclub	23	274
Rattling Sceptre	17	210
Rusted Greathelm	52	644
Splintered Flail	217	762
Tenebrous Amulet	2	897
Blessed Claymore	22	263
Broad Greatsword	22	264
Extended Cleaver	15	175
Grand Life Flask	60	859
Grand Mana Flask	61	868
Secured Leggings	43	476
Staunching Charm	241	883
Maraketh Cuirass	45	503
Giant Life Flask	60	860
Giant Mana Flask	61	869
Two-Point Quiver	4	40
Spired Greathelm	52	647
Bombard Crossbow	228	796
Intricate Gloves	35	371
Stacked Sabatons	42	465
Stone Greatsword	22	267
Construct Hammer	16	192
Scalper's Jacket	50	624
Vicious Talisman	244	979
Boarding Hatchet	15	180
Calescent Hammer	16	198
Cleric Vestments	49	603
Covered Sabatons	42	466
Crossblade Spear	216	757
Juggernaut Plate	45	507
Laminate Buckler	6	78
Pauascale Gloves	35	372
Scoundrel Jacket	50	625
Spiritbone Crown	56	722
Steelpoint Shoes	44	490
Stratified Targe	8	98
Scoundrel Armour	48	587
Runic Shortsword	13	168
Fierce Greathelm	52	651
Painted Crossbow	228	805
Aromatic Sceptre	17	222
Flexile Sabatons	42	467
Gilded Vestments	49	605
Hardened Bracers	34	358
Monument Greaves	39	424
Paralysing Staff	225	787
Elegant Slippers	41	458
Itinerant Jacket	50	635
Occultist Mantle	49	613
Venerated Mantle	49	606
Execratus Hammer	16	196
Howling Talisman	244	985
Hardleather Coat	46	534
Sanctified Staff	21	958
Champion Cuirass	45	510
Gladiator Armour	48	580
Roaring Talisman	244	982
Bastion Sabatons	42	471
Deerstalker Hood	53	678
Gladiatoral Helm	55	713
Inquisitor Crown	56	729
Jingling Buckler	6	87
Plated Vestments	49	614
Treerunner Shoes	44	495
Zealot Gauntlets	36	390
Lizardscale Coat	46	543
Ancient Leggings	43	1292
Engraved Bracers	34	359
Grand Manchettes	231	838
Hallowed Sceptre	17	224
Ornate Gauntlets	36	387
Precursor Tablet	236	881
Stalking Bracers	34	364
Ultra Greatsword	22	273
Veteran Sabatons	42	472
Orichalcum Spear	216	908
Enlightened Robe	47	560
Apostle Leggings	43	485
Glacial Fortress	5	1643
Gutspike Buckler	6	90
Masked Greathelm	52	661
Reflecting Staff	21	968
Ashbark Talisman	244	989
Zenith Vestments	49	609
Permafrost Staff	21	960
Sacramental Robe	47	570
Warlock Leggings	43	486
Thunder Talisman	244	995
Elegant Crossbow	228	957
Fortified Hammer	16	208
Cryptic Leggings	43	927
Daggerfoot Shoes	44	923
Polished Bracers	34	928
Tasalian Greaves	39	925
Leather Buckler	6	70
Penumbra Amulet	2	896
Oak Greathammer	23	275
Smithing Hammer	16	186
Nettle Talisman	244	973
Padded Leggings	43	475
Iron Greatsword	22	262
Sturdy Crossbow	228	792
Pathfinder Coat	46	525
Wrapped Sandals	41	449
Arched Greataxe	24	302
Braced Sabatons	42	464
Lattice Sandals	41	450
Pyrophyte Staff	223	783
Stitched Gloves	35	369
Vagabond Armour	48	573
Jewelled Gloves	35	370
Bolstered Mitts	33	340
Savage Greataxe	24	304
Trimmed Greaves	39	421
Arced Longsword	22	266
Primal Talisman	244	977
Wayfarer Jacket	50	622
Grounding Charm	241	886
Carving Hatchet	15	178
Elite Greathelm	52	648
Explorer Armour	48	575
Feathered Tiara	54	686
Obsidian Dagger	12	151
Rending Halberd	24	305
Clasped Sceptre	17	219
Feathered Targe	8	97
Sacrificial Axe	15	179
Cleansing Charm	241	963
Jagged Greataxe	24	306
Treasured Blade	13	166
Ornate Ringmail	49	1164
Serrated Quiver	4	43
Barbarian Plate	45	514
Druidic Circlet	54	693
Hunting Bracers	34	360
Kalguuran Cuffs	37	1403
Keen Greatsword	22	269
Plate Gauntlets	36	385
Razorglass Claw	11	140
Steelhead Spear	216	902
Vermeil Circlet	54	938
Weaver Leggings	43	478
Bearskin Mantle	49	611
Blacksmith Maul	23	288
Fur-lined Targe	8	104
Painted Buckler	6	84
Robust Crossbow	228	804
Sharktooth Claw	11	141
Bangled Sandals	41	457
Chain Vestments	49	612
Evangelist Garb	50	634
Mercenary Targe	8	105
Tideseer Mantle	49	604
Wanderer Armour	48	588
Colosseum Plate	45	509
Parrying Dagger	12	155
Righteous Cuffs	37	398
Studded Sandals	41	454
Veridical Chain	2	1567
Commander Sword	13	170
Elegant Greaves	39	428
Profane Cleaver	15	183
Refined Bracers	34	362
Sandsworn Tiara	54	696
Double Limb Bow	20	242
Primordial Wand	218	776
Feathered Mitts	33	348
Noble Greathelm	52	659
Ceremonial Robe	47	567
Hawker's Jacket	50	637
Bulwark Greaves	39	430
Delirium Tablet	239	1744
Overseer Tablet	242	1747
Soldier Cuirass	45	520
Tenebrous Crown	56	1543
Totemic Greaves	39	425
Visceral Quiver	4	47
Wolfskin Mantle	49	616
Conqueror Plate	45	512
Tournament Mail	48	582
Tournament Mail	48	583
Tournament Mail	48	584
Aberrant Sledge	23	1777
Conjurer Mantle	49	617
Flowing Raiment	47	569
Primal Markings	50	1031
Slipstrike Vest	46	545
Sorcerous Tiara	54	699
Abyssal Cuirass	45	513
Ancient Buckler	6	91
Quickslip Shoes	44	498
Flexed Crossbow	228	811
Fungal Talisman	244	991
Gemini Crossbow	228	812
Obliterator Bow	20	956
Ancestral Tiara	54	939
Drakeskin Boots	40	922
Seastorm Mantle	49	921
Sekhema Sandals	41	924
Warlord Cuirass	45	919
Crimson Amulet	2	15
Fists of Stone	38	1325
Hardwood Spear	216	749
Hardwood Targe	8	92
Rusted Cuirass	45	499
Tenebrous Ring	1	901
Twisted Amulet	2	1573
Tense Crossbow	228	791
Feathered Robe	47	548
Ironhead Spear	216	750
Sapphire Charm	241	890
Wooden Buckler	6	71
Plated Buckler	6	72
Siphoning Wand	18	226
Spriggan Staff	21	256
Vampiric Blade	13	161
Lupine Sceptre	17	212
Beaded Circlet	54	684
Bronze Greaves	39	420
Embossed Boots	40	435
Engraved Focus	229	818
Mail Vestments	49	599
Skinning Knife	12	148
Tempered Mitts	33	339
Threaded Shoes	44	488
Bandit Hatchet	15	176
Elegant Glaive	24	303
Ridged Buckler	6	74
Antidote Charm	241	884
Stellar Amulet	2	22
Alloy Crossbow	228	795
Crescent Targe	8	95
Shrine Sceptre	17	215
Shrine Sceptre	17	216
Shrine Sceptre	17	217
Spiked Buckler	6	75
Engraved Knife	12	150
Dualstring Bow	20	236
Steeltoe Boots	40	436
Anchorite Garb	50	623
Chiseled Targe	8	96
Goldcast Cuffs	37	396
Ringed Buckler	6	76
Spined Bracers	34	356
Votive Raiment	47	553
Rabid Talisman	244	978
Prismatic Ring	1	10
Two-Stone Ring	1	1586
Crumbling Maul	23	281
Abyssal Signet	1	945
Amethyst Charm	241	892
Portent Amulet	2	1570
Detailed Mitts	33	342
Ironwood Targe	8	103
Ominous Gloves	35	375
Patchwork Vest	46	538
Plated Greaves	39	426
Wayfarer Shoes	44	493
Coursing Spear	216	903
Rugged Cuirass	45	515
Staghorn Focus	229	829
Mystic Raiment	47	556
Ancestral Mail	48	578
Ember Greataxe	24	308
Bound Leggings	43	482
Coiled Buckler	6	85
Desert Circlet	54	695
Heirloom Cuffs	37	401
Jingling Focus	229	830
Luxurious Robe	47	564
Seaglass Spear	216	758
Biostatic Ring	1	1579
Decorated Helm	55	707
Ornate Buckler	6	80
Baroque Gloves	35	377
Branched Spear	216	905
Hallowed Crown	56	728
Polished Targe	8	106
Striking Spear	216	760
Plated Raiment	47	558
Twilight Tiara	54	691
Carved Greaves	39	429
Spiked Bracers	34	363
Hallowed Focus	229	833
Bleak Crossbow	228	808
Cruel Talisman	244	987
Adorned Gloves	35	374
Dastard Armour	48	592
Exquisite Vest	46	535
Glorious Plate	45	511
Knightly Mitts	33	349
Perching Staff	21	1758
Pious Leggings	43	480
Ravenous Staff	21	959
Skycrown Tiara	54	698
Torment Jacket	50	629
Wanderer Shoes	44	496
Spiny Talisman	244	988
Stout Crossbow	228	809
Noble Sabatons	42	473
Opulent Gloves	35	380
Ornate Greaves	39	431
Rambler Jacket	50	639
Arcane Raiment	47	917
Alpha Talisman	244	992
Barbed Bracers	34	366
Gleaming Cuffs	37	405
Guardian Spear	216	966
Utzaal Cuirass	45	522
Wyrmscale Coat	46	546
Marauding Mace	16	209
Stalking Spear	216	910
Ruination Maul	23	297
Siege Crossbow	228	813
Adherent Cuffs	37	935
Desert Buckler	6	949
Freebooter Cap	53	936
Tasalian Focus	229	948
Penumbra Ring	1	900
Rawhide Boots	40	433
Rough Greaves	39	418
Straw Sandals	41	448
Suede Bracers	34	352
Tattered Robe	47	547
Withered Wand	218	775
Voltaic Staff	225	786
Light Halberd	24	300
Mail Sabatons	42	463
Stoic Sceptre	17	211
Hunting Spear	216	751
Riveted Mitts	33	338
Sapphire Ring	1	5
Simple Dagger	12	147
Sombre Gloves	35	368
Thawing Charm	241	882
Wolfbone Claw	11	134
Bound Bracers	34	354
Cultist Crown	56	719
Marabout Garb	50	621
Sacral Quiver	4	39
Shrouded Vest	46	526
Studded Targe	8	94
Volatile Wand	220	779
Amethyst Ring	1	7
Dyad Crossbow	228	794
Golden Mantle	51	641
Ochre Sceptre	17	214
Composite Bow	20	235
Rhoahide Coat	46	527
Chiming Staff	21	257
Galvanic Wand	221	780
Crystal Focus	229	820
Slender Flail	217	767
Silk Slippers	41	451
Shaman Mantle	49	600
Dousing Charm	241	885
Invoking Belt	3	1576
Hunting Shoes	44	489
Moulded Mitts	33	341
Pelt Leggings	43	477
Rending Staff	226	788
Shielded Helm	55	705
Stone Greaves	39	422
Offering Wand	219	778
Reaping Staff	227	789
Edged Buckler	6	77
Corona Amulet	2	1572
Grasping Ring	1	1584
Mnemonic Ring	1	1581
Lament Amulet	2	1569
Artillery Bow	20	239
Bandage Wraps	38	412
Braided Cuffs	37	400
Buckled Wraps	38	409
Guarded Flail	217	770
Knight Armour	48	577
Laced Sandals	41	456
Reaver Glaive	24	307
Taut Crossbow	228	803
Engraved Helm	55	710
Protector Bow	20	245
Roaring Staff	21	258
Wrath Sceptre	17	221
Absent Amulet	2	1571
Pearl Buckler	6	79
Stalking Belt	3	1575
Cambric Wraps	38	413
Elegant Mitts	33	346
Primed Quiver	4	44
Skulking Mask	57	743
Smuggler Coat	46	532
Swift Bracers	34	361
Armoured Claw	11	142
Critical Wand	18	229
Elegant Focus	229	825
Furtive Wraps	38	410
Gilt Leggings	43	479
Imperial Robe	47	557
Lamellar Mail	48	579
Noble Circlet	54	690
Tearing Flail	217	772
Ancient Mitts	33	347
Arrayed Focus	229	831
Cabalist Helm	55	712
Elegant Plate	45	517
Marching Mace	16	201
River Raiment	47	565
Studded Boots	40	443
Twin Crossbow	228	806
Array Buckler	6	81
Piercing Claw	11	143
Monastic Garb	50	628
Attuned Focus	229	826
Aureate Targe	8	101
Pious Sceptre	17	223
Adorned Wraps	38	414
Cultist Focus	229	832
Fury Talisman	244	986
Volant Quiver	4	46
Massive Spear	216	907
Stone Cuirass	45	519
Abyssal Flail	217	774
Aegis Buckler	6	82
Ancient Visor	55	1518
Bold Sabatons	42	468
Bound Sandals	41	460
Breach Tablet	237	1743
Cinched Boots	40	445
Dread Hatchet	15	184
Druidic Crown	56	724
Druidic Focus	229	834
Grand Cuisses	232	839
Grand Regalia	51	643
Grasping Mail	246	1200
Havoc Raiment	47	559
Heroic Armour	48	581
Mammoth Targe	8	109
Ritual Tablet	238	1748
Temple Tablet	248	1749
Utility Wraps	38	411
Vile Greataxe	24	311
Corvus Mantle	49	608
Ancient Cuffs	37	404
Baroque Targe	8	110
Cavalry Boots	40	446
Charmed Shoes	44	497
Elegant Wraps	38	416
Grand Bracers	34	365
Leyline Focus	229	835
Saintly Crown	56	731
Shrouded Mail	48	593
Shrouded Mail	48	594
Shrouded Mail	48	595
Soaring Spear	216	965
Pronged Spear	216	909
Armoured Vest	46	537
Assassin Garb	50	631
Slayer Armour	48	585
Champion Helm	55	716
Kamasan Tiara	54	700
Soaring Targe	8	111
Fang Talisman	244	990
Molten Hammer	16	206
Warmonger Bow	20	255
Jade Talisman	244	996
Maji Talisman	244	993
Cryptic Crown	56	942
Grinning Mask	57	937
Massive Mitts	33	932
Secured Wraps	38	929
Azure Amulet	2	16
Dull Hatchet	15	172
Gloam Amulet	2	895
Golden Blade	13	158
Leather Vest	46	523
Rawhide Belt	3	26
Stocky Mitts	33	337
Twig Circlet	54	682
Attuned Wand	18	225
Quilted Vest	46	524
Brimmed Helm	55	701
Frayed Shoes	44	487
Amber Amulet	2	17
Lapis Amulet	2	19
Pelage Targe	8	93
Antler Focus	229	817
Horned Crown	56	718
Silver Charm	241	888
Wicker Tiara	54	683
Firm Bracers	34	353
Guarded Helm	55	702
Hexer's Robe	47	549
Iron Cuirass	45	501
Iron Greaves	39	419
Rogue Armour	48	572
Waxed Jacket	50	620
Lunar Amulet	2	20
Bone Raiment	47	550
Iron Buckler	6	73
Omen Sceptre	17	213
Raider Plate	45	502
Visored Helm	55	703
Winged Spear	216	752
Cloaked Mail	48	574
Crescent Axe	15	177
Emerald Ring	1	8
Forked Spear	216	754
Studded Vest	46	528
Keth Raiment	47	552
Martyr Crown	56	720
Sickle Sword	13	164
Solar Amulet	2	23
Forking Belt	3	1578
Barbed Spear	216	755
Blunt Quiver	4	41
Brigand Mace	16	191
Scout's Vest	46	529
Spiral Wraps	38	408
Voodoo Focus	229	821
Plumed Focus	229	822
Vaal Cuirass	45	506
Toxic Quiver	4	42
Gold Circlet	54	687
Kinetic Ring	1	1582
Vitalic Ring	1	1580
Corsair Vest	46	531
Fine Bracers	34	357
Flared Boots	40	438
Flax Sandals	41	453
Icicle Staff	224	785
Mail Breaker	12	153
Mailed Crown	56	725
Morning Star	16	193
Plated Mitts	33	345
Pointed Maul	23	282
Wreath Focus	229	828
Icicle Flail	217	771
Oneiric Ring	1	1583
Forest Crown	56	726
Fury Cleaver	15	181
Hunting Coat	46	539
Oiled Jacket	50	633
Torture Wand	18	228
Golden Charm	241	893
Ascetic Garb	50	626
Carved Targe	8	99
Soldier Helm	55	711
Zealot Crown	56	727
Lavish Crown	56	723
Mosaic Targe	8	100
Strider Vest	46	533
Velour Shoes	44	491
Layered Vest	46	541
Mantled Mail	48	589
Utility Belt	3	35
Adherent Bow	20	248
Hatungo Garb	50	636
Jagged Spear	216	906
Jungle Tiara	54	697
Ornate Cuffs	37	402
Militant Bow	20	249
Abyss Tablet	243	1742
Archon Crown	56	730
Armoured Cap	53	673
Bladed Shoes	44	492
Brigand Mask	57	746
Dueling Wand	18	230
Gallant Helm	55	708
Grand Visage	230	837
Signet Cuffs	37	399
Sleek Jacket	50	638
Torment Club	16	197
Twisted Wand	18	1739
Flanged Mace	16	204
Ancient Mail	49	1165
Cryptic Helm	55	715
Faridun Mask	57	747
Ornate Mitts	33	350
Ornate Plate	45	521
Death Mantle	49	618
Divine Crown	56	732
Sacred Focus	229	836
Soaring Mask	57	748
Trapper Hood	53	681
Vaal Greaves	39	432
Guardian Bow	20	252
Spiked Spear	216	913
Akoyan Spear	216	955
Flying Spear	216	911
Austere Garb	50	916
Corsair Coat	46	915
Golden Targe	8	951
Ashen Staff	223	782
Dusk Amulet	2	894
Glass Shank	12	145
Hermit Garb	50	619
Lazuli Ring	1	3
Shabby Hood	53	663
Torn Gloves	35	367
Wooden Club	16	185
Gelid Staff	224	784
Gauze Wraps	38	406
Topaz Charm	241	891
Chain Flail	217	763
Crone Knife	12	146
Woven Focus	229	816
Fire Quiver	4	38
Jade Amulet	2	18
Stone Charm	241	887
Bearded Axe	15	174
Pelt Mantle	49	598
Laced Boots	40	434
Golden Hoop	1	1
Forked Claw	11	135
Hooded Mask	57	735
Linen Wraps	38	407
Recurve Bow	20	234
Spiked Club	16	188
Moon Dagger	12	149
Plated Claw	11	136
Tonal Focus	229	819
Chain Tiara	54	685
Cowled Helm	55	704
Plated Mace	16	190
Swathed Cap	53	666
Steel Plate	45	504
Temple Maul	23	279
Veiled Mask	57	736
Ornate Belt	3	31
Cultist Bow	20	237
Heavy Crown	56	721
Hunter Hood	53	667
Stone Flail	217	768
Tribal Mask	57	737
Gold Amulet	2	24
Hooked Claw	11	139
Breach Ring	1	14
Broad Spear	216	756
Double Belt	3	33
Bound Boots	40	441
Closed Helm	55	706
Corsair Cap	53	669
Frigid Wand	222	781
Oak Buckler	6	83
Rotted Hood	53	674
Runed Focus	229	946
Avian Tiara	54	694
Bandit Mask	57	742
Flared Mace	16	199
Battle Pick	16	200
Narrow Hood	53	676
Riding Coat	46	540
Sleek Boots	40	442
Swift Spear	216	904
Whorl Focus	229	947
Shaded Mask	57	739
Sword Spear	216	759
Titan Mitts	33	343
Pariah Mask	57	744
Solemn Maul	23	290
Wrapped Cap	53	677
Arcane Dirk	12	156
Covert Hood	53	672
Great Flail	217	773
Bandit Mace	16	202
Cassis Helm	55	1519
Gold Gloves	35	378
Heavy Plate	45	518
Runner Vest	46	542
Stone Targe	8	107
Avian Targe	8	108
Golden Mail	48	591
Bound Cuffs	37	403
Grand Mitts	33	344
Grand Targe	8	102
Grim Gloves	35	379
Helix Spear	216	761
Magus Focus	229	827
Magus Tiara	54	692
Warded Helm	55	714
Devout Garb	50	630
Cavalry Bow	20	251
Sacred Maul	23	294
Vaal Gloves	35	381
Akoyan Club	16	954
Strife Pick	16	207
Fanatic Bow	20	254
Grand Spear	216	912
Chain Mail	48	571
Crude Claw	11	132
Gloam Ring	1	899
Linen Belt	3	27
Shortsword	13	159
Twig Focus	229	815
Iron Crown	56	717
Rope Cuffs	37	394
Ruby Charm	241	889
Broadsword	13	160
Forge Maul	23	276
Holy Flail	217	764
Warden Bow	20	233
Golden Obi	3	25
Aged Cuffs	37	395
Iron Flail	217	765
Topaz Ring	1	6
Twin Flail	217	766
Plate Belt	3	30
Edged Claw	11	137
Pearl Ring	1	9
Sinew Belt	3	1577
Acrid Wand	18	227
Arced Claw	11	138
Full Plate	45	505
Scale Mail	48	576
Ring Flail	217	769
Zealot Bow	20	238
Altar Robe	47	554
Unset Ring	1	12
Avian Robe	47	562
Domed Helm	55	709
Solid Mask	57	738
Kris Knife	12	154
Heavy Belt	3	34
Jade Tiara	54	689
Tribal Bow	20	240
Battle Axe	15	182
Lumen Mace	16	195
Velvet Cap	53	671
Avian Mask	57	745
Dark Blade	13	171
Dark Staff	21	260
Death Mask	57	740
Giant Maul	23	286
Runic Fork	18	1740
Talon Claw	11	144
Anvil Maul	23	293
Desert Cap	53	680
Crown Mace	16	205
Death Mail	48	596
Vaal Mitts	33	351
Vaal Wraps	38	417
Gemini Bow	20	253
Thane Mail	48	920
Crude Bow	20	231
Dusk Ring	1	898
Iron Ring	1	2
Bone Wand	219	777
Fur Plate	45	500
Hewn Mask	57	733
Pict Claw	11	133
Ruby Ring	1	4
Face Mask	57	734
Slim Mace	16	187
Wide Belt	3	28
Lace Hood	53	665
Long Belt	3	29
War Spear	216	753
Silk Robe	47	551
Viper Cap	53	668
Gold Ring	1	11
Mail Belt	3	32
Ring Mail	48	586
Jade Club	16	194
Rider Bow	20	246
Greatmace	23	284
Fine Belt	3	36
Cinquedea	12	157
Heavy Bow	20	243
Vile Robe	47	568
War Wraps	38	415
Woven Cap	53	679
Mail Coat	46	536
Hook Axe	15	173
Shortbow	20	232
Felt Cap	53	664
Scimitar	13	162
Sapphire	28	876
Falchion	13	165
Oak Mask	57	741
Wool Cap	53	675
Greatbow	20	241
Twin Bow	20	247
Garment	51	642
Emerald	27	875
Warpick	16	189
Cutlass	13	167
Messer	13	169
Ring	1	13
Ruby	26	874
